--
-- PostgreSQL database dump
--

-- Dumped from database version 15.3 (Debian 15.3-1.pgdg120+1)
-- Dumped by pg_dump version 15.3 (Debian 15.3-1.pgdg120+1)

SET statement_timeout = 0;
SET lock_timeout = 0;
SET idle_in_transaction_session_timeout = 0;
SET client_encoding = 'UTF8';
SET standard_conforming_strings = on;
SELECT pg_catalog.set_config('search_path', '', false);
SET check_function_bodies = false;
SET xmloption = content;
SET client_min_messages = warning;
SET row_security = off;

SET default_tablespace = '';

SET default_table_access_method = heap;

--
-- Name: Courses; Type: TABLE; Schema: public; Owner: softest
--

CREATE TABLE public."Courses" (
    "id" INTEGER NOT NULL,
    "name" TEXT NOT NULL
);


ALTER TABLE public."Courses" OWNER TO softest;

--
-- Name: Course_Id_seq; Type: SEQUENCE; Schema: public; Owner: softest
--

ALTER TABLE public."Courses" ALTER COLUMN "id" ADD GENERATED BY DEFAULT AS IDENTITY (
    SEQUENCE NAME public."Course_Id_seq"
    START WITH 1
    INCREMENT BY 1
    NO MINVALUE
    NO MAXVALUE
    CACHE 1
);


--
-- Name: EvaluationCourses; Type: TABLE; Schema: public; Owner: softest
--

CREATE TABLE public."EvaluationCourses" (
    "id" INTEGER NOT NULL,
    "courseId" INTEGER NOT NULL,
    "evaluationId" INTEGER NOT NULL
);


ALTER TABLE public."EvaluationCourses" OWNER TO softest;

--
-- Name: EvaluationCourses_Id_seq; Type: SEQUENCE; Schema: public; Owner: softest
--

ALTER TABLE public."EvaluationCourses" ALTER COLUMN "id" ADD GENERATED BY DEFAULT AS IDENTITY (
    SEQUENCE NAME public."EvaluationCourses_Id_seq"
    START WITH 1
    INCREMENT BY 1
    NO MINVALUE
    NO MAXVALUE
    CACHE 1
);


--
-- Name: EvaluationTestParts; Type: TABLE; Schema: public; Owner: softest
--

CREATE TABLE public."EvaluationTestParts" (
    "id" INTEGER NOT NULL,
    "timeLimit" INTEGER NOT NULL,
    "startDate" TIMESTAMP WITH TIME ZONE NOT NULL,
    "finishDate" TIMESTAMP WITH TIME ZONE NOT NULL,
    "statusId" INTEGER NOT NULL,
    "partId" INTEGER NOT NULL,
    "evaluationTestId" INTEGER NOT NULL
);


ALTER TABLE public."EvaluationTestParts" OWNER TO softest;

--
-- Name: EvaluationTestParts_Id_seq; Type: SEQUENCE; Schema: public; Owner: softest
--

ALTER TABLE public."EvaluationTestParts" ALTER COLUMN "id" ADD GENERATED BY DEFAULT AS IDENTITY (
    SEQUENCE NAME public."EvaluationTestParts_Id_seq"
    START WITH 1
    INCREMENT BY 1
    NO MINVALUE
    NO MAXVALUE
    CACHE 1
);


--
-- Name: EvaluationTests; Type: TABLE; Schema: public; Owner: softest
--

CREATE TABLE public."EvaluationTests" (
    "id" INTEGER NOT NULL,
    "startDate" TIMESTAMP WITH TIME ZONE NOT NULL,
    "finishDate" TIMESTAMP WITH TIME ZONE NOT NULL,
    "evaluationId" INTEGER NOT NULL,
    "testId" INTEGER NOT NULL,
    "statusId" INTEGER NOT NULL
);


ALTER TABLE public."EvaluationTests" OWNER TO softest;

--
-- Name: EvaluationTests_Id_seq; Type: SEQUENCE; Schema: public; Owner: softest
--

ALTER TABLE public."EvaluationTests" ALTER COLUMN "id" ADD GENERATED BY DEFAULT AS IDENTITY (
    SEQUENCE NAME public."EvaluationTests_Id_seq"
    START WITH 1
    INCREMENT BY 1
    NO MINVALUE
    NO MAXVALUE
    CACHE 1
);


--
-- Name: Evaluations; Type: TABLE; Schema: public; Owner: softest
--

CREATE TABLE public."Evaluations" (
    "id" INTEGER NOT NULL,
    "description" TEXT NOT NULL,
    "institution" TEXT NOT NULL,
    "date" TIMESTAMP WITH TIME ZONE NOT NULL,
    "secretToken" TEXT NOT NULL,
    "statusId" INTEGER NOT NULL
);


ALTER TABLE public."Evaluations" OWNER TO softest;

--
-- Name: Evaluations_Id_seq; Type: SEQUENCE; Schema: public; Owner: softest
--

ALTER TABLE public."Evaluations" ALTER COLUMN "id" ADD GENERATED BY DEFAULT AS IDENTITY (
    SEQUENCE NAME public."Evaluations_Id_seq"
    START WITH 1
    INCREMENT BY 1
    NO MINVALUE
    NO MAXVALUE
    CACHE 1
);


--
-- Name: Option; Type: TABLE; Schema: public; Owner: softest
--

CREATE TABLE public."Options" (
    "id" INTEGER NOT NULL,
    "text" TEXT NOT NULL,
    "questionId" INTEGER NOT NULL
);


ALTER TABLE public."Options" OWNER TO softest;

--
-- Name: Option_Id_seq; Type: SEQUENCE; Schema: public; Owner: softest
--

ALTER TABLE public."Options" ALTER COLUMN "id" ADD GENERATED BY DEFAULT AS IDENTITY (
    SEQUENCE NAME public."Option_Id_seq"
    START WITH 1
    INCREMENT BY 1
    NO MINVALUE
    NO MAXVALUE
    CACHE 1
);


--
-- Name: Part; Type: TABLE; Schema: public; Owner: softest
--

CREATE TABLE public."Parts" (
    "id" INTEGER NOT NULL,
    "name" TEXT NOT NULL,
    "description" TEXT NOT NULL,
    "exampleDescription" TEXT NOT NULL,
    "timeLimit" INTEGER NOT NULL,
    "testId" INTEGER NOT NULL
);


ALTER TABLE public."Parts" OWNER TO softest;

--
-- Name: Part_Id_seq; Type: SEQUENCE; Schema: public; Owner: softest
--

ALTER TABLE public."Parts" ALTER COLUMN "id" ADD GENERATED BY DEFAULT AS IDENTITY (
    SEQUENCE NAME public."Part_Id_seq"
    START WITH 1
    INCREMENT BY 1
    NO MINVALUE
    NO MAXVALUE
    CACHE 1
);


--
-- Name: Questions; Type: TABLE; Schema: public; Owner: softest
--

CREATE TABLE public."Questions" (
    "id" INTEGER NOT NULL,
    "Number" INTEGER NOT NULL,
    "description" TEXT NOT NULL,
    "type" INTEGER NOT NULL,
    -- //TODO: Aca falta un NOT NULL
    "correctOptionId" INTEGER,
    "partId" INTEGER NOT NULL
);


ALTER TABLE public."Questions" OWNER TO softest;

--
-- Name: Question_Id_seq; Type: SEQUENCE; Schema: public; Owner: softest
--

ALTER TABLE public."Questions" ALTER COLUMN "id" ADD GENERATED BY DEFAULT AS IDENTITY (
    SEQUENCE NAME public."Question_Id_seq"
    START WITH 1
    INCREMENT BY 1
    NO MINVALUE
    NO MAXVALUE
    CACHE 1
);


--
-- Name: Statuses; Type: TABLE; Schema: public; Owner: softest
--

CREATE TABLE public."Statuses" (
    "id" INTEGER NOT NULL,
    "name" TEXT NOT NULL,
    "description" TEXT NOT NULL
);


ALTER TABLE public."Statuses" OWNER TO softest;

--
-- Name: Statuses_Id_seq; Type: SEQUENCE; Schema: public; Owner: softest
--

ALTER TABLE public."Statuses" ALTER COLUMN "id" ADD GENERATED BY DEFAULT AS IDENTITY (
    SEQUENCE NAME public."Statuses_Id_seq"
    START WITH 1
    INCREMENT BY 1
    NO MINVALUE
    NO MAXVALUE
    CACHE 1
);


--
-- Name: StudentResponses; Type: TABLE; Schema: public; Owner: softest
--

CREATE TABLE public."StudentResponses" (
    "id" INTEGER NOT NULL,
    "questionId" INTEGER NOT NULL,
    "studentEvaluationTestPartId" integer
);


ALTER TABLE public."StudentResponses" OWNER TO softest;

--
-- Name: StudentResponseOptions; Type: TABLE; Schema: public; Owner: softest
--

CREATE TABLE public."StudentResponseOptions" (
    "id" INTEGER NOT NULL,
    "studentResponseId" INTEGER NOT NULL
);


ALTER TABLE public."StudentResponseOptions" OWNER TO softest;

--
-- Name: StudentResponseOption_Id_seq; Type: SEQUENCE; Schema: public; Owner: softest
--

ALTER TABLE public."StudentResponseOptions" ALTER COLUMN "id" ADD GENERATED BY DEFAULT AS IDENTITY (
    SEQUENCE NAME public."StudentResponseOption_Id_seq"
    START WITH 1
    INCREMENT BY 1
    NO MINVALUE
    NO MAXVALUE
    CACHE 1
);


--
-- Name: StudentResponse_Id_seq; Type: SEQUENCE; Schema: public; Owner: softest
--

ALTER TABLE public."StudentResponses" ALTER COLUMN "id" ADD GENERATED BY DEFAULT AS IDENTITY (
    SEQUENCE NAME public."StudentResponse_Id_seq"
    START WITH 1
    INCREMENT BY 1
    NO MINVALUE
    NO MAXVALUE
    CACHE 1
);


--
-- Name: StudentsEvaluationTestParts; Type: TABLE; Schema: public; Owner: softest
--

CREATE TABLE public."StudentsEvaluationTestParts" (
    "id" INTEGER NOT NULL,
    "startDate" TIMESTAMP WITH TIME ZONE NOT NULL,
    "finishDate" TIMESTAMP WITH TIME ZONE NOT NULL,
    "directScore" INTEGER NOT NULL,
    "percentileScore" INTEGER NOT NULL,
    "R" INTEGER NOT NULL,
    "E" INTEGER NOT NULL,
    "O" INTEGER NOT NULL,
    "correctedPercentileScore" INTEGER NOT NULL,
    "studentEvaluationTestId" INTEGER NOT NULL,
    "evaluationTestPartId" INTEGER NOT NULL,
    "statusId" INTEGER NOT NULL
);


ALTER TABLE public."StudentsEvaluationTestParts" OWNER TO softest;

--
-- Name: StudentsEvaluationTestParts_Id_seq; Type: SEQUENCE; Schema: public; Owner: softest
--

ALTER TABLE public."StudentsEvaluationTestParts" ALTER COLUMN "id" ADD GENERATED BY DEFAULT AS IDENTITY (
    SEQUENCE NAME public."StudentsEvaluationTestParts_Id_seq"
    START WITH 1
    INCREMENT BY 1
    NO MINVALUE
    NO MAXVALUE
    CACHE 1
);


--
-- Name: StudentsEvaluationTests; Type: TABLE; Schema: public; Owner: softest
--

CREATE TABLE public."StudentsEvaluationTests" (
    "id" INTEGER NOT NULL,
    "startDate" TIMESTAMP WITH TIME ZONE NOT NULL,
    "finishDate" TIMESTAMP WITH TIME ZONE NOT NULL,
    "evaluationTestId" INTEGER NOT NULL,
    "studentEvaluationId" INTEGER NOT NULL,
    "statusId" INTEGER NOT NULL
);


ALTER TABLE public."StudentsEvaluationTests" OWNER TO softest;

--
-- Name: StudentsEvaluationTests_Id_seq; Type: SEQUENCE; Schema: public; Owner: softest
--

ALTER TABLE public."StudentsEvaluationTests" ALTER COLUMN "id" ADD GENERATED BY DEFAULT AS IDENTITY (
    SEQUENCE NAME public."StudentsEvaluationTests_Id_seq"
    START WITH 1
    INCREMENT BY 1
    NO MINVALUE
    NO MAXVALUE
    CACHE 1
);


--
-- Name: StudentsEvaluations; Type: TABLE; Schema: public; Owner: softest
--

CREATE TABLE public."StudentsEvaluations" (
    "id" INTEGER NOT NULL,
    "name" TEXT NOT NULL,
    "lastName" TEXT NOT NULL,
    "birthDate" TIMESTAMP WITH TIME ZONE NOT NULL,
    "courseId" INTEGER NOT NULL,
    "statusId" INTEGER NOT NULL,
    "evaluationId" INTEGER NOT NULL
);


ALTER TABLE public."StudentsEvaluations" OWNER TO softest;

--
-- Name: StudentsEvaluations_Id_seq; Type: SEQUENCE; Schema: public; Owner: softest
--

ALTER TABLE public."StudentsEvaluations" ALTER COLUMN "id" ADD GENERATED BY DEFAULT AS IDENTITY (
    SEQUENCE NAME public."StudentsEvaluations_Id_seq"
    START WITH 1
    INCREMENT BY 1
    NO MINVALUE
    NO MAXVALUE
    CACHE 1
);


--
-- Name: Tests; Type: TABLE; Schema: public; Owner: softest
--

CREATE TABLE public."Tests" (
    "id" INTEGER NOT NULL,
    "name" TEXT NOT NULL,
    "initials" TEXT NOT NULL,
    "description" TEXT NOT NULL,
    "isActive" boolean NOT NULL
);


ALTER TABLE public."Tests" OWNER TO softest;

--
-- Name: Tests_Id_seq; Type: SEQUENCE; Schema: public; Owner: softest
--

ALTER TABLE public."Tests" ALTER COLUMN "id" ADD GENERATED BY DEFAULT AS IDENTITY (
    SEQUENCE NAME public."Tests_Id_seq"
    START WITH 1
    INCREMENT BY 1
    NO MINVALUE
    NO MAXVALUE
    CACHE 1
);

--
-- Data for Name: Courses; Type: TABLE DATA; Schema: public; Owner: softest
--

COPY public."Courses" ("id", "name") FROM stdin;
7	Otro
1	1°
2	2°
3	3°
4	4°
5	5°
6	6°
\.


--
-- Data for Name: EvaluationCourses; Type: TABLE DATA; Schema: public; Owner: softest
--

COPY public."EvaluationCourses" ("id", "courseId", "evaluationId") FROM stdin;
\.


--
-- Data for Name: EvaluationTestParts; Type: TABLE DATA; Schema: public; Owner: softest
--

COPY public."EvaluationTestParts" ("id", "timeLimit", "startDate", "finishDate", "statusId", "partId", "evaluationTestId") FROM stdin;
\.


--
-- Data for Name: EvaluationTests; Type: TABLE DATA; Schema: public; Owner: softest
--

COPY public."EvaluationTests" ("id", "startDate", "finishDate", "evaluationId", "testId", "statusId") FROM stdin;
\.


--
-- Data for Name: Evaluations; Type: TABLE DATA; Schema: public; Owner: softest
--

COPY public."Evaluations" ("id", "description", "institution", "date", "secretToken", "statusId") FROM stdin;
\.


--
-- Data for Name: Option; Type: TABLE DATA; Schema: public; Owner: softest
--

COPY public."Options" ("id", "text", "questionId") FROM stdin;
1	rogo	1
2	rojo	1
3	robo	1
4	rojo	1
5	mella	2
6	mesa	2
7	mefa	2
8	meva	2
9	carfón	3
10	cartas	3
11	cartón	3
12	carpón	3
13	verlad	4
14	vertad	4
15	vendar	4
16	verdad	4
17	bicho	5
18	bini	5
19	bidi	5
20	bici	5
21	flenazo	6
22	fremazo	6
23	frenazo	6
24	flechazo	6
25	caslor	7
26	cantos	7
27	caspor	7
28	castor	7
29	camello	8
30	camillo	8
31	canello	8
32	camella	8
33	trípartito	9
34	trificlo	9
35	triciclo	9
36	triviclo	9
37	deas	10
38	días	10
39	diga	10
40	dúas	10
41	tetevisión	11
42	teléfono	11
43	televisión	11
44	terevisión	11
45	decorado	12
46	debasiado	12
47	demaniado	12
48	demasiado	12
49	trompepista	13
50	tropezaba	13
51	trompefista	13
52	trompetista	13
53	halitación	14
54	habitación	14
55	habitafión	14
56	habitaron	14
57	movimiento	15
58	movimienlo	15
59	mortadela	15
60	movibiento	15
61	tarro	16
62	tumón	16
63	turrón	16
64	turón	16
65	puebro	17
66	pueglo	17
67	pueblo	17
68	puedo	17
69	desfilados	18
70	defraudados	18
71	defraubados	18
72	deflaudados	18
73	tudipán	19
74	tufipán	19
75	tutora	19
76	tulipán	19
77	mumbo	20
78	mundo	20
79	mudo	20
80	munto	20
81	personas	21
82	perchonas	21
83	pernonas	21
84	pértigas	21
85	amistad	22
86	amigos	22
87	amibos	22
88	amipos	22
89	alrebedor	23
90	alcachofa	23
91	alrededor	23
92	alsededor	23
93	vinedo	24
94	villedo	24
95	violeta	24
96	viñedo	24
97	dificíles	25
98	diferenles	25
99	dicerentes	25
100	diferentes	25
101	rotillera	26
102	robillera	26
103	rodillera	26
104	rodapiés	26
105	universidad	27
106	unidersidad	27
107	unipersonal	27
108	universilad	27
109	vellosidad	28
110	verocidad	28
111	velocidad	28
112	veloridad	28
113	migada	29
114	mirada	29
115	ministro	29
116	micada	29
117	razosada	30
118	ratonera	30
119	razonada	30
120	razomada	30
121	pistonear	31
122	pistoreros	31
123	pistoteros	31
124	pistoleros	31
125	tiembo	32
126	tiesto	32
127	tiespo	32
128	tiempo	32
129	vida	33
130	vino	33
131	vila	33
132	vira	33
133	imporible	34
134	imposible	34
135	imbosible	34
136	impureza	34
137	animarles	35
138	animates	35
139	animales	35
140	alimales	35
141	guibarra	36
142	guitarra	36
143	guifarra	36
144	guirnalda	36
145	injormación	37
146	inzormación	37
147	información	37
148	imposible	37
149	protesta	38
150	problema	38
151	probrema	38
152	proglema	38
153	imaginafión	39
154	imapinación	39
155	imantado	39
156	imaginación	39
157	tuercas	40
158	tuelcas	40
159	tuestas	40
160	tuescas	40
161	bohos	41
162	bolos	41
163	bobos	41
164	bodos	41
165	burbuja	42
166	brújula	42
167	blujula	42
168	brúgula	42
169	logutora	43
170	localiza	43
171	locutora	43
172	loculora	43
173	node	44
174	nolle	44
175	nota	44
176	noche	44
177	fotógrafos	45
178	fotonopias	45
179	fotocobias	45
180	fotocopias	45
181	despalzas	46
182	dercalzas	46
183	descalzas	46
184	descartas	46
185	escribir	47
186	estribir	47
187	escrilir	47
188	exprimir	47
189	colsecuencias	48
190	conejeras	48
191	consetuencias	48
192	consecuencias	48
193	telémetro	49
194	telézono	49
195	teléfono	49
196	teléjono	49
197	expediencia	50
198	experiencia	50
199	expresado	50
200	experiescia	50
201	el hilo y el ...	51
202	delal	51
203	dedos	51
204	dedal	51
205	deval	51
206	nosopros	52
207	norteños	52
208	nonotros	52
209	nosotros	52
210	quemaduras	53
211	quemadores	53
212	quemadurras	53
213	querraduras	53
214	quirólano	54
215	quirófano	54
216	quilófano	54
217	quítamelo	54
218	caminábamos por la playa buscando ...	55
219	éramos	55
220	erinos	55
221	erizos	55
222	erixos	55
223	traslatarlas	56
224	trasladarlas	56
225	trasfadarlas	56
226	transparentes	56
227	farrilia	57
228	famidia	57
229	familia	57
230	famosa	57
231	natueraleza	58
232	natunaleza	58
233	nacionalidad	58
234	naturalefa	58
235	cocido	59
236	corazón	59
237	conazón	59
238	covazón	59
239	proteguerla	60
240	proteperla	60
241	proteínas	60
242	protegerla	60
243	desempleabo	61
244	desempleado	61
245	desplegado	61
246	desempreado	61
247	ya que no es ...	62
248	sumergible	62
249	sumengible	62
250	sunergible	62
251	sustituirle	62
252	roculador	63
253	rotulador	63
254	rolulador	63
255	rotundo	63
256	perizcopio	64
257	periférico	64
258	periscotio	64
259	periscopio	64
260	rocosos	65
261	rofados	65
262	rozalos	65
263	rozados	65
264	orégano	66
265	oséano	66
266	océano	66
267	océono	66
268	ropa	67
269	rola	67
270	rota	67
271	roka	67
272	hoy	68
273	oy	68
274	natasión	69
275	natación	69
276	invitar	70
277	inbitar	70
278	colejio	71
279	colegio	71
280	trabajo	72
281	travajo	72
282	selba	73
283	selva	73
284	entonces	74
285	entonses	74
286	provlema	75
287	problema	75
288	sávado	76
289	sábado	76
290	fácil	77
291	fásil	77
292	verano	78
293	berano	78
294	febrero	79
295	fevrero	79
296	bestido	80
297	vestido	80
298	vañar	81
299	bañar	81
300	desir	82
301	decir	82
302	yegar	83
303	llegar	83
304	situasión	84
305	situación	84
306	vacaciones	85
307	bacaciones	85
308	felicitar	86
309	felisitar	86
310	página	87
311	pájina	87
312	libro	88
313	livro	88
314	varrio	89
315	barrio	89
316	cenar	90
317	senar	90
318	resolver	91
319	resolber	91
320	berdura	92
321	verdura	92
322	edificio	93
323	edifisio	93
324	educación	94
325	educasión	94
326	primabera	95
327	primavera	95
328	haber	96
329	aber	96
330	arriba	97
331	arriva	97
332	ejemplo	98
333	egemplo	98
334	silensio	99
335	silencio	99
336	dirección	100
337	direcsión	100
338	abrazar	101
339	avrazar	101
340	voz	102
341	boz	102
342	llo	103
343	yo	103
344	levantar	104
345	lebantar	104
346	ventana	105
347	bentana	105
348	fávrica	106
349	fábrica	106
350	playa	107
351	plalla	107
352	ahora	108
353	aora	108
354	aburrido	109
355	avurrido	109
356	somvra	110
357	sombra	110
358	noticia	111
359	notisia	111
360	vien	112
361	bien	112
362	crecer	113
363	creser	113
364	grasias	114
365	gracias	114
366	visitar	115
367	bisitar	115
368	bolver	116
369	volver	116
370	hombre	117
371	ombre	117
372	libre	118
373	livre	118
374	nomvre	119
375	nombre	119
376	vecino	120
377	becino	120
378	precioso	121
379	presioso	121
380	emosión	122
381	emoción	122
382	elado	123
383	helado	123
384	vizcocho	124
385	bizcocho	124
386	mayor	125
387	mallor	125
388	quince	126
389	quinse	126
390	aparecer	127
391	apareser	127
392	solusión	128
393	solución	128
394	ojas	129
395	hojas	129
396	almasén	130
397	almacén	130
398	bosque	131
399	vosque	131
400	amanecer	132
401	amaneser	132
402	cambiar	133
403	camviar	133
404	avril	134
405	abril	134
406	árvol	135
407	árbol	135
408	bueno	136
409	vueno	136
410	baso	137
411	vaso	137
412	onse	138
413	once	138
414	imaginar	139
415	imajinar	139
416	humo	140
417	umo	140
418	humano	141
419	umano	141
420	vlanco	142
421	blanco	142
422	agradeser	143
423	agradecer	143
424	sine	144
425	cine	144
426	cansión	145
427	canción	145
428	ciudad	146
429	siudad	146
430	atensión	147
431	atención	147
432	cosinar	148
433	cocinar	148
434	faborito	149
435	favorito	149
436	allar	150
437	hallar	150
438	también	151
439	tamvién	151
440	verbo	152
441	berbo	152
442	enerjía	153
443	energía	153
444	llover	154
445	yover	154
446	amable	155
447	amavle	155
448	vida	156
449	bida	156
450	avierto	157
451	abierto	157
452	aller	158
453	ayer	158
454	llorar	159
455	yorar	159
456	conocimiento	160
457	conosimiento	160
458	mober	161
459	mover	161
460	conoser	162
461	conocer	162
462	nueve	163
463	nuebe	163
464	receta	164
465	reseta	164
466	abeja	165
467	aveja	165
468	ejercisio	166
469	ejercicio	166
470	barios	167
471	varios	167
472	nube	168
473	nuve	168
474	veso	169
475	beso	169
476	lla	170
477	ya	170
478	2	171
479	3	171
480	0	171
481	1	171
482	1	172
483	4	172
484	3	172
485	2	172
486	5	173
487	4	173
488	3	173
489	6	173
490	5	174
491	7	174
492	6	174
493	0	174
494	5	175
495	7	175
496	4	175
497	6	175
498	7	176
499	8	176
500	0	176
501	9	176
502	4	177
503	6	177
504	1	177
505	5	177
506	4	178
507	5	178
508	3	178
509	6	178
510	0	179
511	11	179
512	10	179
513	9	179
514	5	180
515	6	180
516	2	180
517	7	180
518	6	181
519	7	181
520	8	181
521	9	181
522	4	182
523	0	182
524	3	182
525	5	182
526	8	183
527	1	183
528	9	183
529	10	183
530	6	184
531	1	184
532	7	184
533	8	184
534	7	185
535	8	185
536	6	185
537	3	185
538	8	186
539	11	186
540	13	186
541	12	186
542	12	187
543	13	187
544	0	187
545	11	187
546	7	188
547	8	188
548	10	188
549	9	188
550	13	189
551	0	189
552	14	189
553	15	189
554	9	190
555	10	190
556	11	190
557	6	190
558	13	191
559	2	191
560	15	191
561	14	191
562	11	192
563	7	192
564	10	192
565	12	192
566	9	193
567	3	193
568	10	193
569	8	193
570	13	194
571	12	194
572	4	194
573	11	194
574	2	195
575	7	195
576	9	195
577	8	195
578	0	196
579	16	196
580	17	196
581	15	196
582	8	197
583	5	197
584	10	197
585	9	197
586	9	198
587	11	198
588	10	198
589	2	198
590	15	199
591	3	199
592	16	199
593	14	199
594	12	200
595	14	200
596	3	200
597	13	200
598	8	201
599	7	201
600	4	201
601	9	201
602	10	202
603	3	202
604	11	202
605	12	202
606	9	203
607	4	203
608	11	203
609	10	203
610	12	204
611	5	204
612	13	204
613	14	204
614	20	205
615	21	205
616	4	205
617	19	205
618	14	206
619	13	206
620	1	206
621	12	206
622	6	207
623	12	207
624	11	207
625	13	207
626	16	208
627	7	208
628	17	208
629	18	208
630	15	209
631	17	209
632	2	209
633	16	209
634	12	210
635	11	210
636	1	210
637	10	210
638	14	211
639	13	211
640	8	211
641	15	211
642	0	212
643	18	212
644	17	212
645	19	212
646	14	213
647	15	213
648	13	213
649	4	213
650	14	214
651	7	214
652	16	214
653	15	214
654	12	215
655	18	215
656	19	215
657	17	215
658	5	216
659	16	216
660	18	216
661	17	216
662	1	217
663	19	217
664	18	217
665	20	217
666	14	218
667	1	218
668	15	218
669	16	218
670	17	219
671	9	219
672	18	219
673	16	219
674	6	220
675	18	220
676	19	220
677	17	220
678	17	221
679	4	221
680	18	221
681	19	221
682	1	222
683	16	222
684	18	222
685	17	222
686	19	223
687	20	223
688	11	223
689	18	223
690	15	224
691	6	224
692	17	224
693	16	224
694	18	225
695	19	225
696	5	225
697	20	225
698	17	226
699	12	226
700	18	226
701	19	226
702	19	227
703	20	227
704	6	227
705	21	227
706	19	228
707	21	228
708	2	228
709	20	228
710	16	229
711	8	229
712	15	229
713	17	229
714	20	230
715	19	230
716	15	230
717	18	230
718	19	231
719	21	231
720	20	231
721	8	231
722	2	232
723	3	232
724	1	232
725	0	232
726	0	233
727	3	233
728	4	233
729	5	233
730	4	234
731	1	234
732	2	234
733	5	234
734	2	235
735	3	235
736	0	235
737	1	235
738	4	236
739	2	236
740	3	236
741	5	236
742	2	237
743	0	237
744	7	237
745	1	237
746	2	238
747	3	238
748	4	238
749	7	238
750	6	239
751	1	239
752	2	239
753	3	239
754	0	240
755	3	240
756	2	240
757	1	240
758	4	241
759	3	241
760	12	241
761	5	241
762	4	242
763	5	242
764	7	242
765	6	242
766	0	243
767	1	243
768	13	243
769	2	243
770	5	244
771	10	244
772	7	244
773	6	244
774	6	245
775	9	245
776	5	245
777	4	245
778	7	246
779	14	246
780	5	246
781	6	246
782	15	247
783	5	247
784	4	247
785	6	247
786	11	248
787	6	248
788	7	248
789	8	248
790	3	249
791	9	249
792	4	249
793	2	249
794	3	250
795	2	250
796	14	250
797	1	250
798	7	251
799	12	251
800	8	251
801	9	251
802	8	252
803	0	252
804	7	252
805	9	252
806	15	253
807	1	253
808	2	253
809	0	253
810	1	254
811	16	254
812	3	254
813	2	254
814	13	255
815	2	255
816	3	255
817	4	255
818	1	256
819	3	256
820	2	256
821	10	256
822	11	257
823	4	257
824	6	257
825	5	257
826	19	258
827	1	258
828	0	258
829	2	258
830	4	259
831	3	259
832	10	259
833	5	259
834	0	260
835	11	260
836	2	260
837	1	260
838	13	261
839	7	261
840	6	261
841	8	261
842	3	262
843	12	262
844	2	262
845	1	262
846	6	263
847	12	263
848	7	263
849	5	263
850	6	264
851	7	264
852	8	264
853	17	264
854	5	265
855	16	265
856	3	265
857	4	265
858	5	266
859	13	266
860	4	266
861	6	266
862	13	267
863	8	267
864	9	267
865	10	267
866	7	268
867	24	268
868	9	268
869	8	268
870	15	269
871	3	269
872	4	269
873	2	269
874	7	270
875	18	270
876	6	270
877	5	270
878	8	271
879	7	271
880	6	271
881	15	271
882	9	272
883	7	272
884	16	272
885	8	272
886	14	273
887	3	273
888	4	273
889	5	273
890	8	274
891	28	274
892	7	274
893	9	274
894	21	275
895	4	275
896	3	275
897	2	275
898	7	276
899	21	276
900	8	276
901	6	276
902	20	277
903	14	277
904	15	277
905	13	277
906	5	278
907	3	278
908	22	278
909	4	278
910	5	279
911	6	279
912	25	279
913	4	279
914	5	280
915	7	280
916	18	280
917	6	280
918	4	281
919	23	281
920	5	281
921	6	281
922	3	282
923	5	282
924	20	282
925	4	282
926	17	283
927	5	283
928	4	283
929	6	283
930	6	284
931	24	284
932	7	284
933	5	284
934	31	285
935	4	285
936	5	285
937	6	285
938	6	286
939	27	286
940	8	286
941	7	286
942	8	287
943	9	287
944	15	287
945	10	287
946	9	288
947	27	288
948	10	288
949	8	288
950	7	289
951	26	289
952	9	289
953	8	289
954	4	290
955	5	290
956	19	290
957	6	290
958	9	291
959	10	291
960	8	291
961	19	291
962	20	292
963	5	292
964	6	292
965	8	292
966	8	293
967	6	293
968	7	293
969	25	293
970	7	294
971	23	294
972	6	294
973	8	294
974	9	295
975	8	295
976	20	295
977	7	295
978	3	296
979	2	296
980	1	296
981	0	296
982	4	297
983	1	297
984	6	297
985	5	297
986	2	298
987	3	298
988	0	298
989	1	298
990	4	299
991	5	299
992	6	299
993	10	299
994	8	300
995	5	300
996	7	300
997	6	300
998	9	301
999	15	301
1000	10	301
1001	7	301
1002	3	302
1003	2	302
1004	1	302
1005	4	302
1006	12	303
1007	6	303
1008	7	303
1009	8	303
1010	24	304
1011	30	304
1012	10	304
1013	25	304
1014	9	305
1015	6	305
1016	12	305
1017	8	305
1018	3	306
1019	6	306
1020	4	306
1021	0	306
1022	11	307
1023	12	307
1024	19	307
1025	18	307
1026	20	308
1027	11	308
1028	19	308
1029	18	308
1030	8	309
1031	18	309
1032	15	309
1033	14	309
1034	50	310
1035	15	310
1036	60	310
1037	49	310
1038	24	311
1039	20	311
1040	9	311
1041	19	311
1042	11	312
1043	27	312
1044	23	312
1045	24	312
1046	15	313
1047	8	313
1048	16	313
1049	20	313
1050	50	314
1051	45	314
1052	14	314
1053	44	314
1054	18	315
1055	8	315
1056	10	315
1057	9	315
1058	14	316
1059	9	316
1060	13	316
1061	21	316
1062	17	317
1063	24	317
1064	9	317
1065	18	317
1066	29	318
1067	40	318
1068	30	318
1069	13	318
1070	40	319
1071	13	319
1072	35	319
1073	36	319
1074	34	320
1075	40	320
1076	35	320
1077	12	320
1078	24	321
1079	10	321
1080	28	321
1081	23	321
1082	42	322
1083	36	322
1084	12	322
1085	35	322
1086	45	323
1087	13	323
1088	39	323
1089	40	323
1090	15	324
1091	24	324
1092	16	324
1093	10	324
1094	21	325
1095	10	325
1096	28	325
1097	20	325
1098	35	326
1099	30	326
1100	11	326
1101	29	326
1102	26	327
1103	27	327
1104	12	327
1105	30	327
1106	12	328
1107	31	328
1108	40	328
1109	32	328
1110	53	329
1111	15	329
1112	54	329
1113	60	329
1114	32	330
1115	12	330
1116	36	330
1117	31	330
1118	80	331
1119	90	331
1120	18	331
1121	81	331
1122	11	332
1123	28	332
1124	32	332
1125	27	332
1126	48	333
1127	13	333
1128	41	333
1129	42	333
1130	14	334
1131	49	334
1132	48	334
1133	56	334
1134	71	335
1135	80	335
1136	72	335
1137	17	335
1138	56	336
1139	15	336
1140	55	336
1141	63	336
1142	72	337
1143	63	337
1144	16	337
1145	64	337
1146	63	338
1147	62	338
1148	70	338
1149	16	338
1150	3	339
1151	2	339
1152	1	339
1153	0	339
1154	4	340
1155	1	340
1156	6	340
1157	5	340
\.


--
-- Data for Name: Part; Type: TABLE DATA; Schema: public; Owner: softest
--

COPY public."Parts" ("id", "name", "description", "exampleDescription", "timeLimit", "testId") FROM stdin;
1	Única	Parte única del TECLE	Descripción de ejemplo	5	2
2	Única	Parte única del TEO	Descripción de ejemplo	5	3
3	Sumas	Parte de Sumas del TECA	Descripción de ejemplo	3	1
4	Restas	Parte de Restas del TECA	Descripción de ejemplo	3	1
5	Multiplicaciones	Parte de Multiplicaciones del TECA	Descripción de ejemplo	5	1
\.


--
-- Data for Name: Questions; Type: TABLE DATA; Schema: public; Owner: softest
--

COPY public."Questions" ("id", "Number", "description", "type", "correctOptionId", "partId") FROM stdin;
1	0	Tu pelota es de color ...	1	4	1
2	1	Ana puso la ...	0	6	1
3	2	Se rompió el ...	0	11	1
4	3	Le ocultaba la ...	0	16	1
5	4	Mi amigo viene en ...	0	20	1
6	5	El tren dio un ...	0	23	1
7	6	Han atrapado un ...	0	28	1
8	7	Quiso montar en ...	0	29	1
9	8	Laura elige un ...	0	35	1
10	9	Me visita cada dos ...	0	38	1
11	10	Está viendo la ...	0	43	1
12	11	Lucía no ahorra ...	0	48	1
13	12	Aquí se oye al ...	0	52	1
14	13	Juan sale de su ...	0	54	1
15	14	El coche está en ...	0	57	1
16	15	Anoche se comió el ...	0	63	1
17	16	Su padre trabaja en el ...	0	67	1
18	17	El tenor nos dejó ...	0	70	1
19	18	Entre las flores hay un ...	0	76	1
20	19	Hemos viajado por todo el ...	0	78	1
21	20	Allí se acoge a muchas ...	0	81	1
22	21	Le gusta hablar con sus ...	0	86	1
23	22	Tres satélites giraban ...	0	91	1
24	23	La larga sequía afectó al ...	0	96	1
25	24	Todas las caretas eran ...	0	100	1
26	25	Debido a su lesión lleva ...	0	103	1
27	26	Su hermano estudia en la ...	0	105	1
28	27	Aceleró hasta el límite de ...	0	111	1
29	28	La serpiente encantaba con su ...	0	114	1
30	29	Aquella conclusión no estaba ...	0	119	1
31	30	Ese comisario encarceló a los ...	0	124	1
32	31	La cuñada de Sara no pudo llegar a ...	0	128	1
33	32	Ella afirma que no la dejará en toda su ...	0	129	1
34	33	Que tu barco nuevo zarpe mañana es ...	0	134	1
35	34	Luis quiere dar de comer a todos los ...	0	139	1
36	35	Dio un concierto en el teatro con su ...	0	142	1
37	36	Para hacer el viaje tuvo que pedir ...	0	147	1
38	37	Este niño pide más ayuda para hacer el ...	0	150	1
39	38	Juana nos relata fábulas con mucha ...	0	156	1
40	39	Tu coche es tan viejo que se le caen las ...	0	157	1
41	40	En la caja rota mi abuelo puso tu juego de ...	0	162	1
42	41	Para señalar el sur debes usar una buena ...	0	166	1
43	42	Todos los días oigo las noticias que da la ...	0	171	1
44	43	Esa niña pequeña no dejó de llorar en toda la ...	0	176	1
45	44	No ha comprado el libro y tiene que usar ...	0	180	1
46	45	Esas muchachas se van a resfriar por andar ...	0	183	1
47	46	Con el lápiz que me has traido no he podido ...	0	185	1
48	47	Si no tienes cuidado y fallas asume las ...	0	192	1
49	48	Olvidó conectar el cable antes de llamar por ...	0	195	1
50	49	Tu necesitas trabajar mucho para tener mas ...	0	198	1
51	50	Para coser la camisa cogió la aguja	0	203	1
52	51	Si te despiertas temprano mañana podrás venir con ...	0	209	1
53	52	En el nuevo hóspital de Félix le curaron muy rápido las ...	0	210	1
54	53	El martes había un equipo de cirujanos operando en el ...	0	215	1
55	54	Durante las vacaciones	0	220	1
56	55	Las sillas que has dejado por la mañana no he podido ...	0	224	1
57	56	El domingo por la tarde no podremos a salir a pescar con mi ...	0	229	1
58	57	Los cuatro compañeros van a la sierra porque les gusta la ...	0	231	1
59	58	Era necesario para su salud tratar adecuadamente su problema de ...	0	236	1
60	59	Antes de que muriera le prometió firmemente que nunca dejaría de ...	0	242	1
61	60	Tu padre trabajaba como carpintero antes de que su jefe lo dejara ...	0	244	1
62	61	Ten mucho cuidado para que la máquina no caiga al agua	0	247	1
63	62	Toma el lápiz y el ...	0	253	1
64	63	El capitán mandó a subir el ...	0	259	1
65	64	Por enganchar mal el remolque quedaron los bordes ...	0	263	1
66	65	El barco navega por el ...	1	266	1
67	66	El caballo tenía la pata ...	1	270	1
68	0	hoy	1	272	2
69	1	natación	0	275	2
70	2	invitar	0	276	2
71	3	colegio	0	279	2
72	4	trabajo	0	280	2
73	5	selva	0	283	2
74	6	entonces	0	284	2
75	7	problema	0	287	2
76	8	sábado	0	289	2
77	9	fácil	0	290	2
78	10	verano	0	292	2
79	11	febrero	0	294	2
80	12	vestido	0	297	2
81	13	bañar	0	299	2
82	14	decir	0	301	2
83	15	llegar	0	303	2
84	16	situación	0	305	2
85	17	vacaciones	0	306	2
86	18	felicitar	0	308	2
87	19	página	0	310	2
88	20	libro	0	312	2
89	21	barrio	0	315	2
90	22	cenar	0	316	2
91	23	resolver	0	318	2
92	24	verdura	0	321	2
93	25	edificio	0	322	2
94	26	educación	0	324	2
95	27	primavera	0	327	2
96	28	haber	0	328	2
97	29	arriba	0	330	2
98	30	ejemplo	0	332	2
99	31	silencio	0	335	2
100	32	dirección	0	336	2
101	33	abrazar	0	338	2
102	34	voz	0	340	2
103	35	yo	0	343	2
104	36	levantar	0	344	2
105	37	ventana	0	346	2
106	38	fábrica	0	349	2
107	39	playa	0	350	2
108	40	ahora	0	352	2
109	41	aburrido	0	354	2
110	42	sombra	0	357	2
111	43	noticia	0	358	2
112	44	bien	0	361	2
113	45	crecer	0	362	2
114	46	gracias	0	365	2
115	47	visitar	0	366	2
116	48	volver	0	369	2
117	49	hombre	0	370	2
118	50	libre	0	372	2
119	51	nombre	0	375	2
120	52	vecino	0	376	2
121	53	precioso	0	378	2
122	54	emoción	0	381	2
123	55	helado	0	383	2
124	56	bizcocho	0	385	2
125	57	mayor	0	386	2
126	58	quince	0	388	2
127	59	aparecer	0	390	2
128	60	solución	0	393	2
129	61	hojas	0	395	2
130	62	almacén	0	397	2
131	63	bosque	0	398	2
132	64	amanecer	0	400	2
133	65	cambiar	0	402	2
134	66	abril	0	405	2
135	67	árbol	0	407	2
136	68	bueno	0	408	2
137	69	vaso	0	411	2
138	70	once	0	413	2
139	71	imaginar	0	414	2
140	72	humo	0	416	2
141	73	humano	0	418	2
142	74	blanco	0	421	2
143	75	agradecer	0	423	2
144	76	cine	0	425	2
145	77	canción	0	427	2
146	78	ciudad	0	428	2
147	79	atención	0	431	2
148	80	cocinar	0	433	2
149	81	favorito	0	435	2
150	82	hallar	0	437	2
151	83	también	0	438	2
152	84	verbo	0	440	2
153	85	energía	0	443	2
154	86	llover	0	444	2
155	87	amable	0	446	2
156	88	vida	0	448	2
157	89	abierto	0	451	2
158	90	ayer	0	453	2
159	91	llorar	0	454	2
160	92	conocimiento	0	456	2
161	93	mover	0	459	2
162	94	conocer	0	461	2
163	95	nueve	0	462	2
164	96	receta	0	464	2
165	97	abeja	0	466	2
166	98	ejercicio	0	469	2
167	99	varios	0	471	2
168	100	nube	0	472	2
169	101	beso	1	475	2
170	102	ya	1	477	2
171	0	1+1	1	478	3
172	1	2+1	0	484	3
173	2	1+4	0	486	3
174	3	3+3	0	492	3
175	4	5+1	0	497	3
176	5	4+4	0	499	3
177	6	3+2	0	505	3
178	7	4+1	0	507	3
179	8	5+5	0	512	3
180	9	2+4	0	515	3
181	10	1+7	0	520	3
182	11	0+4	0	522	3
183	12	4+5	0	528	3
184	13	3+4	0	532	3
185	14	2+5	0	534	3
186	15	2+10	0	541	3
187	16	6+6	0	542	3
188	17	1+8	0	549	3
189	18	7+7	0	552	3
190	19	2+8	0	555	3
191	20	6+8	0	561	3
192	21	9+2	0	562	3
193	22	3+6	0	566	3
194	23	4+8	0	571	3
195	24	3+5	0	577	3
196	25	8+8	0	579	3
197	26	2+7	0	585	3
198	27	6+4	0	588	3
199	28	9+6	0	590	3
200	29	5+8	0	597	3
201	30	2+6	0	598	3
202	31	4+7	0	604	3
203	32	3+7	0	609	3
204	33	4+9	0	612	3
205	34	8+12	0	614	3
206	35	6+7	0	619	3
207	36	3+9	0	623	3
208	37	5+12	0	628	3
209	38	7+9	0	633	3
210	39	6+5	0	635	3
211	40	3+11	0	638	3
212	41	9+9	0	643	3
213	42	5+9	0	646	3
214	43	11+4	0	653	3
215	44	3+15	0	655	3
216	45	6+11	0	661	3
217	46	9+10	0	663	3
218	47	7+8	0	668	3
219	48	4+13	0	670	3
220	49	12+6	0	675	3
221	50	7+11	0	680	3
222	51	8+9	0	685	3
223	52	4+15	0	686	3
224	53	5+11	0	693	3
225	54	7+12	0	695	3
226	55	3+15	0	700	3
227	56	13+7	0	703	3
228	57	9+11	0	709	3
229	58	12+4	0	710	3
230	59	2+17	0	715	3
231	60	6+14	0	720	3
232	61	2+1	1	723	3
233	62	2+2	1	728	3
234	63	3+1	1	730	3
235	0	1-1	1	736	4
236	1	4-1	0	740	4
237	2	4-3	0	745	4
238	3	5-2	0	747	4
239	4	4-2	0	752	4
240	5	2-1	0	757	4
241	6	8-4	0	758	4
242	7	6-1	0	763	4
243	8	7-6	0	767	4
244	9	8-2	0	773	4
245	10	7-2	0	776	4
246	11	10-4	0	781	4
247	12	10-5	0	783	4
248	13	9-2	0	788	4
249	14	6-3	0	790	4
250	15	8-6	0	795	4
251	16	10-2	0	800	4
252	17	8-0	0	802	4
253	18	8-7	0	807	4
254	19	9-7	0	813	4
255	20	8-5	0	816	4
256	21	6-4	0	820	4
257	22	8-3	0	825	4
258	23	10-9	0	827	4
259	24	7-3	0	830	4
260	25	6-5	0	837	4
261	26	10-3	0	839	4
262	27	7-5	0	844	4
263	28	9-3	0	846	4
264	29	12-5	0	851	4
265	30	10-6	0	857	4
266	31	9-4	0	858	4
267	32	11-2	0	864	4
268	33	16-8	0	869	4
269	34	9-6	0	871	4
270	35	12-6	0	876	4
271	36	11-4	0	880	4
272	37	12-4	0	885	4
273	38	9-5	0	888	4
274	39	18-10	0	890	4
275	40	12-9	0	896	4
276	41	14-7	0	898	4
277	42	17-3	0	903	4
278	43	13-9	0	909	4
279	44	15-10	0	910	4
280	45	12-6	0	917	4
281	46	14-9	0	920	4
282	47	12-8	0	925	4
283	48	11-6	0	927	4
284	49	15-9	0	930	4
285	50	18-13	0	936	4
286	51	17-10	0	941	4
287	52	12-3	0	943	4
288	53	18-9	0	946	4
289	54	17-9	0	953	4
290	55	12-7	0	955	4
291	56	14-5	0	958	4
292	57	13-7	0	964	4
293	58	16-9	0	968	4
294	59	15-8	0	970	4
295	60	14-6	0	975	4
296	61	2-1	1	980	4
297	62	3-2	1	983	4
298	0	1x1	1	989	5
299	1	1x5	0	991	5
300	2	2x3	0	997	5
301	3	5x2	0	1000	5
302	4	2x1	0	1003	5
303	5	4x2	0	1009	5
304	6	5x5	0	1013	5
305	7	3x3	0	1014	5
306	8	2x2	0	1020	5
307	9	3x4	0	1023	5
308	10	2x9	0	1029	5
309	11	3x5	0	1032	5
310	12	10x5	0	1034	5
311	13	4x5	0	1039	5
312	14	3x8	0	1045	5
313	15	4x4	0	1048	5
314	16	5x9	0	1051	5
315	17	9x1	0	1057	5
316	18	7x2	0	1058	5
317	19	6x3	0	1065	5
318	20	10x3	0	1068	5
319	21	4x9	0	1073	5
320	22	5x7	0	1076	5
321	23	4x6	0	1078	5
322	24	6x6	0	1083	5
323	25	5x8	0	1089	5
324	26	8x2	0	1092	5
325	27	7x3	0	1094	5
326	28	5x6	0	1099	5
327	29	3x9	0	1103	5
328	30	8x4	0	1109	5
329	31	6x9	0	1112	5
330	32	4x8	0	1114	5
331	33	9x9	0	1121	5
332	34	4x7	0	1123	5
333	35	6x7	0	1129	5
334	36	7x7	0	1131	5
335	37	8x9	0	1136	5
336	38	7x8	0	1138	5
337	39	8x8	0	1145	5
338	40	7x9	0	1146	5
339	41	2x1	1	1151	5
340	42	3x2	1	1156	5
\.


--
-- Data for Name: Statuses; Type: TABLE DATA; Schema: public; Owner: softest
--

COPY public."Statuses" ("id", "name", "description") FROM stdin;
0	Planned	Planeado
1	Waiting	Esperando
2	Enabled	Habilitado
3	Finished	Finalizado
\.


--
-- Data for Name: StudentResponses; Type: TABLE DATA; Schema: public; Owner: softest
--

COPY public."StudentResponses" ("id", "questionId", "studentEvaluationTestPartId") FROM stdin;
\.


--
-- Data for Name: StudentResponseOptions; Type: TABLE DATA; Schema: public; Owner: softest
--

COPY public."StudentResponseOptions" ("id", "studentResponseId") FROM stdin;
\.


--
-- Data for Name: StudentsEvaluationTestParts; Type: TABLE DATA; Schema: public; Owner: softest
--

COPY public."StudentsEvaluationTestParts" ("id", "startDate", "finishDate", "directScore", "percentileScore", "R", "E", "O", "correctedPercentileScore", "studentEvaluationTestId", "evaluationTestPartId", "statusId") FROM stdin;
\.


--
-- Data for Name: StudentsEvaluationTests; Type: TABLE DATA; Schema: public; Owner: softest
--

COPY public."StudentsEvaluationTests" ("id", "startDate", "finishDate", "evaluationTestId", "studentEvaluationId", "statusId") FROM stdin;
\.


--
-- Data for Name: StudentsEvaluations; Type: TABLE DATA; Schema: public; Owner: softest
--

COPY public."StudentsEvaluations" ("id", "name", "lastName", "birthDate", "courseId", "statusId", "evaluationId") FROM stdin;
\.


--
-- Data for Name: Tests; Type: TABLE DATA; Schema: public; Owner: softest
--

COPY public."Tests" ("id", "name", "initials", "description", "isActive") FROM stdin;
1	Test de Eficacia de Cálculo Aritmético	TECA	Una descripción	f
2	Test de Eficacia Lectora	TECLE	Una descripción	f
3	Test de Eficacia Ortográfica	TEO	Una descripción	f
\.


--
-- Name: Course_Id_seq; Type: SEQUENCE SET; Schema: public; Owner: softest
--

SELECT pg_catalog.setval('public."Course_Id_seq"', 1, false);


--
-- Name: EvaluationCourses_Id_seq; Type: SEQUENCE SET; Schema: public; Owner: softest
--

SELECT pg_catalog.setval('public."EvaluationCourses_Id_seq"', 1, false);


--
-- Name: EvaluationTestParts_Id_seq; Type: SEQUENCE SET; Schema: public; Owner: softest
--

SELECT pg_catalog.setval('public."EvaluationTestParts_Id_seq"', 1, false);


--
-- Name: EvaluationTests_Id_seq; Type: SEQUENCE SET; Schema: public; Owner: softest
--

SELECT pg_catalog.setval('public."EvaluationTests_Id_seq"', 1, false);


--
-- Name: Evaluations_Id_seq; Type: SEQUENCE SET; Schema: public; Owner: softest
--

SELECT pg_catalog.setval('public."Evaluations_Id_seq"', 1, false);


--
-- Name: Option_Id_seq; Type: SEQUENCE SET; Schema: public; Owner: softest
--

SELECT pg_catalog.setval('public."Option_Id_seq"', 1, false);


--
-- Name: Part_Id_seq; Type: SEQUENCE SET; Schema: public; Owner: softest
--

SELECT pg_catalog.setval('public."Part_Id_seq"', 1, false);


--
-- Name: Question_Id_seq; Type: SEQUENCE SET; Schema: public; Owner: softest
--

SELECT pg_catalog.setval('public."Question_Id_seq"', 1, false);


--
-- Name: Statuses_Id_seq; Type: SEQUENCE SET; Schema: public; Owner: softest
--

SELECT pg_catalog.setval('public."Statuses_Id_seq"', 1, false);


--
-- Name: StudentResponseOption_Id_seq; Type: SEQUENCE SET; Schema: public; Owner: softest
--

SELECT pg_catalog.setval('public."StudentResponseOption_Id_seq"', 1, false);


--
-- Name: StudentResponse_Id_seq; Type: SEQUENCE SET; Schema: public; Owner: softest
--

SELECT pg_catalog.setval('public."StudentResponse_Id_seq"', 1, false);


--
-- Name: StudentsEvaluationTestParts_Id_seq; Type: SEQUENCE SET; Schema: public; Owner: softest
--

SELECT pg_catalog.setval('public."StudentsEvaluationTestParts_Id_seq"', 1, false);


--
-- Name: StudentsEvaluationTests_Id_seq; Type: SEQUENCE SET; Schema: public; Owner: softest
--

SELECT pg_catalog.setval('public."StudentsEvaluationTests_Id_seq"', 1, false);


--
-- Name: StudentsEvaluations_Id_seq; Type: SEQUENCE SET; Schema: public; Owner: softest
--

SELECT pg_catalog.setval('public."StudentsEvaluations_Id_seq"', 1, false);


--
-- Name: Tests_Id_seq; Type: SEQUENCE SET; Schema: public; Owner: softest
--

SELECT pg_catalog.setval('public."Tests_Id_seq"', 1, false);


--
-- Name: Courses PK_Course; Type: CONSTRAINT; Schema: public; Owner: softest
--

ALTER TABLE ONLY public."Courses"
    ADD CONSTRAINT "PK_Course" PRIMARY KEY ("id");


--
-- Name: EvaluationCourses PK_EvaluationCourses; Type: CONSTRAINT; Schema: public; Owner: softest
--

ALTER TABLE ONLY public."EvaluationCourses"
    ADD CONSTRAINT "PK_EvaluationCourses" PRIMARY KEY ("id");


--
-- Name: EvaluationTestParts PK_EvaluationTestParts; Type: CONSTRAINT; Schema: public; Owner: softest
--

ALTER TABLE ONLY public."EvaluationTestParts"
    ADD CONSTRAINT "PK_EvaluationTestParts" PRIMARY KEY ("id");


--
-- Name: EvaluationTests PK_EvaluationTests; Type: CONSTRAINT; Schema: public; Owner: softest
--

ALTER TABLE ONLY public."EvaluationTests"
    ADD CONSTRAINT "PK_EvaluationTests" PRIMARY KEY ("id");


--
-- Name: Evaluations PK_Evaluations; Type: CONSTRAINT; Schema: public; Owner: softest
--

ALTER TABLE ONLY public."Evaluations"
    ADD CONSTRAINT "PK_Evaluations" PRIMARY KEY ("id");


--
-- Name: Option PK_Option; Type: CONSTRAINT; Schema: public; Owner: softest
--

ALTER TABLE ONLY public."Options"
    ADD CONSTRAINT "PK_Option" PRIMARY KEY ("id");


--
-- Name: Part PK_Part; Type: CONSTRAINT; Schema: public; Owner: softest
--

ALTER TABLE ONLY public."Parts"
    ADD CONSTRAINT "PK_Part" PRIMARY KEY ("id");


--
-- Name: Questions PK_Question; Type: CONSTRAINT; Schema: public; Owner: softest
--

ALTER TABLE ONLY public."Questions"
    ADD CONSTRAINT "PK_Question" PRIMARY KEY ("id");


--
-- Name: Statuses PK_Statuses; Type: CONSTRAINT; Schema: public; Owner: softest
--

ALTER TABLE ONLY public."Statuses"
    ADD CONSTRAINT "PK_Statuses" PRIMARY KEY ("id");


--
-- Name: StudentResponses PK_StudentResponse; Type: CONSTRAINT; Schema: public; Owner: softest
--

ALTER TABLE ONLY public."StudentResponses"
    ADD CONSTRAINT "PK_StudentResponse" PRIMARY KEY ("id");


--
-- Name: StudentResponseOptions PK_StudentResponseOption; Type: CONSTRAINT; Schema: public; Owner: softest
--

ALTER TABLE ONLY public."StudentResponseOptions"
    ADD CONSTRAINT "PK_StudentResponseOption" PRIMARY KEY ("id");


--
-- Name: StudentsEvaluationTestParts PK_StudentsEvaluationTestParts; Type: CONSTRAINT; Schema: public; Owner: softest
--

ALTER TABLE ONLY public."StudentsEvaluationTestParts"
    ADD CONSTRAINT "PK_StudentsEvaluationTestParts" PRIMARY KEY ("id");


--
-- Name: StudentsEvaluationTests PK_StudentsEvaluationTests; Type: CONSTRAINT; Schema: public; Owner: softest
--

ALTER TABLE ONLY public."StudentsEvaluationTests"
    ADD CONSTRAINT "PK_StudentsEvaluationTests" PRIMARY KEY ("id");


--
-- Name: StudentsEvaluations PK_StudentsEvaluations; Type: CONSTRAINT; Schema: public; Owner: softest
--

ALTER TABLE ONLY public."StudentsEvaluations"
    ADD CONSTRAINT "PK_StudentsEvaluations" PRIMARY KEY ("id");


--
-- Name: Tests PK_Tests; Type: CONSTRAINT; Schema: public; Owner: softest
--

ALTER TABLE ONLY public."Tests"
    ADD CONSTRAINT "PK_Tests" PRIMARY KEY ("id");

--
-- Name: IX_EvaluationCourses_CourseId_EvaluationId; Type: INDEX; Schema: public; Owner: softest
--

CREATE UNIQUE INDEX "IX_EvaluationCourses_CourseId_EvaluationId" ON public."EvaluationCourses" USING btree ("courseId", "evaluationId");


--
-- Name: IX_EvaluationCourses_EvaluationId; Type: INDEX; Schema: public; Owner: softest
--

CREATE INDEX "IX_EvaluationCourses_EvaluationId" ON public."EvaluationCourses" USING btree ("evaluationId");


--
-- Name: IX_EvaluationTestParts_EvaluationTestId_PartId_StatusId; Type: INDEX; Schema: public; Owner: softest
--

CREATE UNIQUE INDEX "IX_EvaluationTestParts_EvaluationTestId_PartId_StatusId" ON public."EvaluationTestParts" USING btree ("evaluationTestId", "partId", "statusId");


--
-- Name: IX_EvaluationTestParts_PartId; Type: INDEX; Schema: public; Owner: softest
--

CREATE INDEX "IX_EvaluationTestParts_PartId" ON public."EvaluationTestParts" USING btree ("partId");


--
-- Name: IX_EvaluationTestParts_StatusId; Type: INDEX; Schema: public; Owner: softest
--

CREATE INDEX "IX_EvaluationTestParts_StatusId" ON public."EvaluationTestParts" USING btree ("statusId");


--
-- Name: IX_EvaluationTests_EvaluationId_TestId_StatusId; Type: INDEX; Schema: public; Owner: softest
--

CREATE UNIQUE INDEX "IX_EvaluationTests_EvaluationId_TestId_StatusId" ON public."EvaluationTests" USING btree ("evaluationId", "testId", "statusId");


--
-- Name: IX_EvaluationTests_StatusId; Type: INDEX; Schema: public; Owner: softest
--

CREATE INDEX "IX_EvaluationTests_StatusId" ON public."EvaluationTests" USING btree ("statusId");


--
-- Name: IX_EvaluationTests_TestId; Type: INDEX; Schema: public; Owner: softest
--

CREATE INDEX "IX_EvaluationTests_TestId" ON public."EvaluationTests" USING btree ("testId");


--
-- Name: IX_Evaluations_StatusId; Type: INDEX; Schema: public; Owner: softest
--

CREATE INDEX "IX_Evaluations_StatusId" ON public."Evaluations" USING btree ("statusId");


--
-- Name: IX_Option_QuestionId; Type: INDEX; Schema: public; Owner: softest
--

CREATE INDEX "IX_Option_QuestionId" ON public."Options" USING btree ("questionId");


--
-- Name: IX_Part_TestId; Type: INDEX; Schema: public; Owner: softest
--

CREATE INDEX "IX_Part_TestId" ON public."Parts" USING btree ("testId");


--
-- Name: IX_Question_CorrectOptionId_PartId; Type: INDEX; Schema: public; Owner: softest
--

CREATE UNIQUE INDEX "IX_Question_CorrectOptionId_PartId" ON public."Questions" USING btree ("correctOptionId", "partId");


--
-- Name: IX_Question_PartId; Type: INDEX; Schema: public; Owner: softest
--

CREATE INDEX "IX_Question_PartId" ON public."Questions" USING btree ("partId");


--
-- Name: IX_StudentResponseOption_StudentResponseId; Type: INDEX; Schema: public; Owner: softest
--

CREATE INDEX "IX_StudentResponseOption_StudentResponseId" ON public."StudentResponseOptions" USING btree ("studentResponseId");


--
-- Name: IX_StudentResponse_QuestionId; Type: INDEX; Schema: public; Owner: softest
--

CREATE INDEX "IX_StudentResponse_QuestionId" ON public."StudentResponses" USING btree ("questionId");


--
-- Name: IX_StudentResponse_StudentEvaluationTestPartId; Type: INDEX; Schema: public; Owner: softest
--

CREATE INDEX "IX_StudentResponse_StudentEvaluationTestPartId" ON public."StudentResponses" USING btree ("studentEvaluationTestPartId");


--
-- Name: IX_StudentsEvaluationTestParts_EvaluationTestPartId; Type: INDEX; Schema: public; Owner: softest
--

CREATE INDEX "IX_StudentsEvaluationTestParts_EvaluationTestPartId" ON public."StudentsEvaluationTestParts" USING btree ("evaluationTestPartId");


--
-- Name: IX_StudentsEvaluationTestParts_StatusId; Type: INDEX; Schema: public; Owner: softest
--

CREATE INDEX "IX_StudentsEvaluationTestParts_StatusId" ON public."StudentsEvaluationTestParts" USING btree ("statusId");


--
-- Name: IX_StudentsEvaluationTestParts_StudentEvaluationTestId; Type: INDEX; Schema: public; Owner: softest
--

CREATE INDEX "IX_StudentsEvaluationTestParts_StudentEvaluationTestId" ON public."StudentsEvaluationTestParts" USING btree ("studentEvaluationTestId");


--
-- Name: IX_StudentsEvaluationTests_EvaluationTestId; Type: INDEX; Schema: public; Owner: softest
--

CREATE INDEX "IX_StudentsEvaluationTests_EvaluationTestId" ON public."StudentsEvaluationTests" USING btree ("evaluationTestId");


--
-- Name: IX_StudentsEvaluationTests_StatusId; Type: INDEX; Schema: public; Owner: softest
--

CREATE INDEX "IX_StudentsEvaluationTests_StatusId" ON public."StudentsEvaluationTests" USING btree ("statusId");


--
-- Name: IX_StudentsEvaluationTests_StudentEvaluationId; Type: INDEX; Schema: public; Owner: softest
--

CREATE INDEX "IX_StudentsEvaluationTests_StudentEvaluationId" ON public."StudentsEvaluationTests" USING btree ("studentEvaluationId");


--
-- Name: IX_StudentsEvaluations_CourseId; Type: INDEX; Schema: public; Owner: softest
--

CREATE INDEX "IX_StudentsEvaluations_CourseId" ON public."StudentsEvaluations" USING btree ("courseId");


--
-- Name: IX_StudentsEvaluations_EvaluationId; Type: INDEX; Schema: public; Owner: softest
--

CREATE INDEX "IX_StudentsEvaluations_EvaluationId" ON public."StudentsEvaluations" USING btree ("evaluationId");


--
-- Name: IX_StudentsEvaluations_StatusId; Type: INDEX; Schema: public; Owner: softest
--

CREATE INDEX "IX_StudentsEvaluations_StatusId" ON public."StudentsEvaluations" USING btree ("statusId");


--
-- Name: EvaluationCourses FK_EvaluationCourses_Course_CourseId; Type: FK CONSTRAINT; Schema: public; Owner: softest
--

ALTER TABLE ONLY public."EvaluationCourses"
    ADD CONSTRAINT "FK_EvaluationCourses_Course_CourseId" FOREIGN KEY ("courseId") REFERENCES public."Courses"("id") ON DELETE CASCADE;


--
-- Name: EvaluationCourses FK_EvaluationCourses_Evaluations_EvaluationId; Type: FK CONSTRAINT; Schema: public; Owner: softest
--

ALTER TABLE ONLY public."EvaluationCourses"
    ADD CONSTRAINT "FK_EvaluationCourses_Evaluations_EvaluationId" FOREIGN KEY ("evaluationId") REFERENCES public."Evaluations"("id") ON DELETE CASCADE;


--
-- Name: EvaluationTestParts FK_EvaluationTestParts_EvaluationTests_EvaluationTestId; Type: FK CONSTRAINT; Schema: public; Owner: softest
--

ALTER TABLE ONLY public."EvaluationTestParts"
    ADD CONSTRAINT "FK_EvaluationTestParts_EvaluationTests_EvaluationTestId" FOREIGN KEY ("evaluationTestId") REFERENCES public."EvaluationTests"("id") ON DELETE CASCADE;


--
-- Name: EvaluationTestParts FK_EvaluationTestParts_Part_PartId; Type: FK CONSTRAINT; Schema: public; Owner: softest
--

ALTER TABLE ONLY public."EvaluationTestParts"
    ADD CONSTRAINT "FK_EvaluationTestParts_Part_PartId" FOREIGN KEY ("partId") REFERENCES public."Parts"("id") ON DELETE CASCADE;


--
-- Name: EvaluationTestParts FK_EvaluationTestParts_Statuses_StatusId; Type: FK CONSTRAINT; Schema: public; Owner: softest
--

ALTER TABLE ONLY public."EvaluationTestParts"
    ADD CONSTRAINT "FK_EvaluationTestParts_Statuses_StatusId" FOREIGN KEY ("statusId") REFERENCES public."Statuses"("id") ON DELETE CASCADE;


--
-- Name: EvaluationTests FK_EvaluationTests_Evaluations_EvaluationId; Type: FK CONSTRAINT; Schema: public; Owner: softest
--

ALTER TABLE ONLY public."EvaluationTests"
    ADD CONSTRAINT "FK_EvaluationTests_Evaluations_EvaluationId" FOREIGN KEY ("evaluationId") REFERENCES public."Evaluations"("id") ON DELETE CASCADE;


--
-- Name: EvaluationTests FK_EvaluationTests_Statuses_StatusId; Type: FK CONSTRAINT; Schema: public; Owner: softest
--

ALTER TABLE ONLY public."EvaluationTests"
    ADD CONSTRAINT "FK_EvaluationTests_Statuses_StatusId" FOREIGN KEY ("statusId") REFERENCES public."Statuses"("id") ON DELETE CASCADE;


--
-- Name: EvaluationTests FK_EvaluationTests_Tests_TestId; Type: FK CONSTRAINT; Schema: public; Owner: softest
--

ALTER TABLE ONLY public."EvaluationTests"
    ADD CONSTRAINT "FK_EvaluationTests_Tests_TestId" FOREIGN KEY ("testId") REFERENCES public."Tests"("id") ON DELETE CASCADE;


--
-- Name: Evaluations FK_Evaluations_Statuses_StatusId; Type: FK CONSTRAINT; Schema: public; Owner: softest
--

ALTER TABLE ONLY public."Evaluations"
    ADD CONSTRAINT "FK_Evaluations_Statuses_StatusId" FOREIGN KEY ("statusId") REFERENCES public."Statuses"("id") ON DELETE CASCADE;


--
-- Name: Option FK_Option_Question_QuestionId; Type: FK CONSTRAINT; Schema: public; Owner: softest
--

ALTER TABLE ONLY public."Options"
    ADD CONSTRAINT "FK_Option_Question_QuestionId" FOREIGN KEY ("questionId") REFERENCES public."Questions"("id") ON DELETE CASCADE;


--
-- Name: Part FK_Part_Tests_TestId; Type: FK CONSTRAINT; Schema: public; Owner: softest
--

ALTER TABLE ONLY public."Parts"
    ADD CONSTRAINT "FK_Part_Tests_TestId" FOREIGN KEY ("testId") REFERENCES public."Tests"("id") ON DELETE CASCADE;


--
-- Name: Questions FK_Question_Option_CorrectOptionId; Type: FK CONSTRAINT; Schema: public; Owner: softest
--

ALTER TABLE ONLY public."Questions"
    ADD CONSTRAINT "FK_Question_Option_CorrectOptionId" FOREIGN KEY ("correctOptionId") REFERENCES public."Options"("id") ON DELETE RESTRICT;


--
-- Name: Questions FK_Question_Part_PartId; Type: FK CONSTRAINT; Schema: public; Owner: softest
--

ALTER TABLE ONLY public."Questions"
    ADD CONSTRAINT "FK_Question_Part_PartId" FOREIGN KEY ("partId") REFERENCES public."Parts"("id") ON DELETE CASCADE;


--
-- Name: StudentResponseOptions FK_StudentResponseOption_StudentResponse_StudentResponseId; Type: FK CONSTRAINT; Schema: public; Owner: softest
--

ALTER TABLE ONLY public."StudentResponseOptions"
    ADD CONSTRAINT "FK_StudentResponseOption_StudentResponse_StudentResponseId" FOREIGN KEY ("studentResponseId") REFERENCES public."StudentResponses"("id") ON DELETE CASCADE;


--
-- Name: StudentResponses FK_StudentResponse_Question_QuestionId; Type: FK CONSTRAINT; Schema: public; Owner: softest
--

ALTER TABLE ONLY public."StudentResponses"
    ADD CONSTRAINT "FK_StudentResponse_Question_QuestionId" FOREIGN KEY ("questionId") REFERENCES public."Questions"("id") ON DELETE CASCADE;


--
-- Name: StudentResponses FK_StudentResponse_StudentsEvaluationTestParts_StudentEvaluati~; Type: FK CONSTRAINT; Schema: public; Owner: softest
--

ALTER TABLE ONLY public."StudentResponses"
    ADD CONSTRAINT "FK_StudentResponse_StudentsEvaluationTestParts_StudentEvaluati~" FOREIGN KEY ("studentEvaluationTestPartId") REFERENCES public."StudentsEvaluationTestParts"("id");


--
-- Name: StudentsEvaluationTestParts FK_StudentsEvaluationTestParts_EvaluationTestParts_EvaluationT~; Type: FK CONSTRAINT; Schema: public; Owner: softest
--

ALTER TABLE ONLY public."StudentsEvaluationTestParts"
    ADD CONSTRAINT "FK_StudentsEvaluationTestParts_EvaluationTestParts_EvaluationT~" FOREIGN KEY ("evaluationTestPartId") REFERENCES public."EvaluationTestParts"("id") ON DELETE CASCADE;


--
-- Name: StudentsEvaluationTestParts FK_StudentsEvaluationTestParts_Statuses_StatusId; Type: FK CONSTRAINT; Schema: public; Owner: softest
--

ALTER TABLE ONLY public."StudentsEvaluationTestParts"
    ADD CONSTRAINT "FK_StudentsEvaluationTestParts_Statuses_StatusId" FOREIGN KEY ("statusId") REFERENCES public."Statuses"("id") ON DELETE CASCADE;


--
-- Name: StudentsEvaluationTestParts FK_StudentsEvaluationTestParts_StudentsEvaluationTests_Student~; Type: FK CONSTRAINT; Schema: public; Owner: softest
--

ALTER TABLE ONLY public."StudentsEvaluationTestParts"
    ADD CONSTRAINT "FK_StudentsEvaluationTestParts_StudentsEvaluationTests_Student~" FOREIGN KEY ("studentEvaluationTestId") REFERENCES public."StudentsEvaluationTests"("id") ON DELETE CASCADE;


--
-- Name: StudentsEvaluationTests FK_StudentsEvaluationTests_EvaluationTests_EvaluationTestId; Type: FK CONSTRAINT; Schema: public; Owner: softest
--

ALTER TABLE ONLY public."StudentsEvaluationTests"
    ADD CONSTRAINT "FK_StudentsEvaluationTests_EvaluationTests_EvaluationTestId" FOREIGN KEY ("evaluationTestId") REFERENCES public."EvaluationTests"("id") ON DELETE CASCADE;


--
-- Name: StudentsEvaluationTests FK_StudentsEvaluationTests_Statuses_StatusId; Type: FK CONSTRAINT; Schema: public; Owner: softest
--

ALTER TABLE ONLY public."StudentsEvaluationTests"
    ADD CONSTRAINT "FK_StudentsEvaluationTests_Statuses_StatusId" FOREIGN KEY ("statusId") REFERENCES public."Statuses"("id") ON DELETE CASCADE;


--
-- Name: StudentsEvaluationTests FK_StudentsEvaluationTests_StudentsEvaluations_StudentEvaluati~; Type: FK CONSTRAINT; Schema: public; Owner: softest
--

ALTER TABLE ONLY public."StudentsEvaluationTests"
    ADD CONSTRAINT "FK_StudentsEvaluationTests_StudentsEvaluations_StudentEvaluati~" FOREIGN KEY ("studentEvaluationId") REFERENCES public."StudentsEvaluations"("id") ON DELETE CASCADE;


--
-- Name: StudentsEvaluations FK_StudentsEvaluations_Course_CourseId; Type: FK CONSTRAINT; Schema: public; Owner: softest
--

ALTER TABLE ONLY public."StudentsEvaluations"
    ADD CONSTRAINT "FK_StudentsEvaluations_Course_CourseId" FOREIGN KEY ("courseId") REFERENCES public."Courses"("id") ON DELETE CASCADE;


--
-- Name: StudentsEvaluations FK_StudentsEvaluations_Evaluations_EvaluationId; Type: FK CONSTRAINT; Schema: public; Owner: softest
--

ALTER TABLE ONLY public."StudentsEvaluations"
    ADD CONSTRAINT "FK_StudentsEvaluations_Evaluations_EvaluationId" FOREIGN KEY ("evaluationId") REFERENCES public."Evaluations"("id") ON DELETE CASCADE;


--
-- Name: StudentsEvaluations FK_StudentsEvaluations_Statuses_StatusId; Type: FK CONSTRAINT; Schema: public; Owner: softest
--

ALTER TABLE ONLY public."StudentsEvaluations"
    ADD CONSTRAINT "FK_StudentsEvaluations_Statuses_StatusId" FOREIGN KEY ("statusId") REFERENCES public."Statuses"("id") ON DELETE CASCADE;


--
-- PostgreSQL database dump complete
--